National,Province,District,Municipality,pcode
Nepal,Koshi,Taplejung,Aathrai_Tribeni,10105
Nepal,Koshi,Taplejung,Maiwakhola,10104
Nepal,Koshi,Taplejung,Meringden,10103
Nepal,Koshi,Taplejung,Mikwakhola,10102
Nepal,Koshi,Taplejung,Phaktanglung,10101
Nepal,Koshi,Taplejung,Phungling,10106
Nepal,Koshi,Taplejung,Sidingba,10109
Nepal,Koshi,Taplejung,Sirijangha,10108
Nepal,Koshi,Taplejung,Yangwaraka,10107
Nepal,Koshi,Sankhuwasabha,Bhotkhola,10201
Nepal,Koshi,Sankhuwasabha,Chainpur,10208
Nepal,Koshi,Sankhuwasabha,Chichila,10204
Nepal,Koshi,Sankhuwasabha,Dharmadevi,10210
Nepal,Koshi,Sankhuwasabha,Khandbari,10206
Nepal,Koshi,Sankhuwasabha,Madi_San,10209
Nepal,Koshi,Sankhuwasabha,Makalu,10202
Nepal,Koshi,Sankhuwasabha,Panchakhapan,10207
Nepal,Koshi,Sankhuwasabha,Sabhapokhari,10205
Nepal,Koshi,Sankhuwasabha,Silichong,10203
Nepal,Koshi,Solukhumbu,Dudhakaushika,10305
Nepal,Koshi,Solukhumbu,Dudhkoshi,10304
Nepal,Koshi,Solukhumbu,Khumbu_Pasang_Lhamu,10301
Nepal,Koshi,Solukhumbu,Likhu_Pike,10308
Nepal,Koshi,Solukhumbu,Maha_Kulung,10302
Nepal,Koshi,Solukhumbu,Necha_Salyan,10306
Nepal,Koshi,Solukhumbu,Solududhkunda,10307
Nepal,Koshi,Solukhumbu,Sotang,10303
Nepal,Koshi,Okhaldhunga,Champadevi,10406
Nepal,Koshi,Okhaldhunga,Chisankhugadhi,10401
Nepal,Koshi,Okhaldhunga,Khiji_Demba,10404
Nepal,Koshi,Okhaldhunga,Likhu_Okh,10405
Nepal,Koshi,Okhaldhunga,Manebhanjyang,10408
Nepal,Koshi,Okhaldhunga,Molung,10403
Nepal,Koshi,Okhaldhunga,Siddhicharan,10402
Nepal,Koshi,Okhaldhunga,Sunakoshi,10407
Nepal,Koshi,Khotang,Aiselukharka,10502
Nepal,Koshi,Khotang,Barahpokhari,10510
Nepal,Koshi,Khotang,Diprung,10507
Nepal,Koshi,Khotang,Halesi_Tuwachung,10504
Nepal,Koshi,Khotang,Jantedhunga,10509
Nepal,Koshi,Khotang,Kepilasgadhi,10501
Nepal,Koshi,Khotang,Khotehang,10508
Nepal,Koshi,Khotang,Lamidanda,10503
Nepal,Koshi,Khotang,Rupakot_Majhuwagadhi,10505
Nepal,Koshi,Khotang,Sakela,10506
Nepal,Koshi,Bhojpur,Aamchok,10609
Nepal,Koshi,Bhojpur,Arun_Gaunpalika,10605
Nepal,Koshi,Bhojpur,Bhojpur,10604
Nepal,Koshi,Bhojpur,Hatuwagadhi,10608
Nepal,Koshi,Bhojpur,Pauwadungma,10606
Nepal,Koshi,Bhojpur,Ramprasad_Rai,10607
Nepal,Koshi,Bhojpur,Salpasilichho,10602
Nepal,Koshi,Bhojpur,Shadanand,10601
Nepal,Koshi,Bhojpur,Tyamke_Maiyunm,10603
Nepal,Koshi,Dhankuta,Chaubise,10707
Nepal,Koshi,Dhankuta,Chhathar_Jorpati,10703
Nepal,Koshi,Dhankuta,Dhankuta,10704
Nepal,Koshi,Dhankuta,Mahalaxmi_Dkt,10701
Nepal,Koshi,Dhankuta,Pakhribas,10702
Nepal,Koshi,Dhankuta,Sangurigadhi,10706
Nepal,Koshi,Dhankuta,Shahidbhumi,10705
Nepal,Koshi,Terhathum,Aathrai,10801
Nepal,Koshi,Terhathum,Chhathar,10806
Nepal,Koshi,Terhathum,Laligurans,10805
Nepal,Koshi,Terhathum,Menchhayayem,10803
Nepal,Koshi,Terhathum,Myanglung,10804
Nepal,Koshi,Terhathum,Phedap,10802
Nepal,Koshi,Panchthar,Hilihang,10902
Nepal,Koshi,Panchthar,Kummayak,10906
Nepal,Koshi,Panchthar,Miklajung_Pthar,10908
Nepal,Koshi,Panchthar,Phalelung,10903
Nepal,Koshi,Panchthar,Phalgunanda,10905
Nepal,Koshi,Panchthar,Phidim,10904
Nepal,Koshi,Panchthar,Tumwewa,10907
Nepal,Koshi,Panchthar,Yangwarak,10901
Nepal,Koshi,Ilam,Chulachuli,11007
Nepal,Koshi,Ilam,Deumai,11004
Nepal,Koshi,Ilam,Ilam,11003
Nepal,Koshi,Ilam,Mai,11008
Nepal,Koshi,Ilam,Maijogmai,11001
Nepal,Koshi,Ilam,Mangsebung,11006
Nepal,Koshi,Ilam,Phakphokthum,11005
Nepal,Koshi,Ilam,Rong,11010
Nepal,Koshi,Ilam,Sandakpur,11002
Nepal,Koshi,Ilam,Suryodaya,11009
Nepal,Koshi,Jhapa,Arjundhara,11103
Nepal,Koshi,Jhapa,Barhadashi,11111
Nepal,Koshi,Jhapa,Bhadrapur,11114
Nepal,Koshi,Jhapa,Birtamod,11112
Nepal,Koshi,Jhapa,Buddhashanti,11102
Nepal,Koshi,Jhapa,Damak,11107
Nepal,Koshi,Jhapa,Gauradaha,11108
Nepal,Koshi,Jhapa,Gaurigunj,11109
Nepal,Koshi,Jhapa,Haldibari,11113
Nepal,Koshi,Jhapa,Jhapa,11110
Nepal,Koshi,Jhapa,Kachankawal,11115
Nepal,Koshi,Jhapa,Kamal,11106
Nepal,Koshi,Jhapa,Kankai,11104
Nepal,Koshi,Jhapa,Mechinagar,11101
Nepal,Koshi,Jhapa,Shivasatakshi,11105
Nepal,Koshi,Morang,Belbari,11205
Nepal,Koshi,Morang,Biratnagar,11214
Nepal,Koshi,Morang,Budhiganga_Mor,11213
Nepal,Koshi,Morang,Dhanpalthan,11216
Nepal,Koshi,Morang,Gramthan,11212
Nepal,Koshi,Morang,Jahada,11217
Nepal,Koshi,Morang,Kanepokhari,11206
Nepal,Koshi,Morang,Katahari,11215
Nepal,Koshi,Morang,Kerabari,11203
Nepal,Koshi,Morang,Letang,11202
Nepal,Koshi,Morang,Miklajung,11201
Nepal,Koshi,Morang,Pathari_Shanishchare,11207
Nepal,Koshi,Morang,Rangeli,11211
Nepal,Koshi,Morang,Ratuwamai,11209
Nepal,Koshi,Morang,Sunawarshi,11210
Nepal,Koshi,Morang,Sundar_Haraicha,11204
Nepal,Koshi,Morang,Urlabari,11208
Nepal,Koshi,Sunsari,Barahachhetra,11302
Nepal,Koshi,Sunsari,Barju,11312
Nepal,Koshi,Sunsari,Bhokraha,11304
Nepal,Koshi,Sunsari,Dewanganj,11311
Nepal,Koshi,Sunsari,Dharan,11301
Nepal,Koshi,Sunsari,Duhabi,11307
Nepal,Koshi,Sunsari,Gadhi,11308
Nepal,Koshi,Sunsari,Harinagara,11310
Nepal,Koshi,Sunsari,Inaruwa,11309
Nepal,Koshi,Sunsari,Itahari,11306
Nepal,Koshi,Sunsari,Koshi,11303
Nepal,Koshi,Sunsari,Ramdhuni-Bhasi,11305
Nepal,Koshi,Udayapur,Belaka,11401
Nepal,Koshi,Udayapur,Chaudandigadhi,11402
Nepal,Koshi,Udayapur,Katari,11407
Nepal,Koshi,Udayapur,Limchungbung,11405
Nepal,Koshi,Udayapur,Rautamai,11404
Nepal,Koshi,Udayapur,Tapli,11406
Nepal,Koshi,Udayapur,Triyuga,11403
Nepal,Koshi,Udayapur,Udayapurgadhi,11408
Nepal,Madhesh,Saptari,Agnisaira_Krishnasavaran,20103
Nepal,Madhesh,Saptari,Balan-Bihul,20108
Nepal,Madhesh,Saptari,Bishanupur,20112
Nepal,Madhesh,Saptari,Bodebarsain,20109
Nepal,Madhesh,Saptari,Chhinnamasta,20118
Nepal,Madhesh,Saptari,Dakneshwori,20110
Nepal,Madhesh,Saptari,Hanumannagar_Kankalini,20116
Nepal,Madhesh,Saptari,Kanchanrup,20102
Nepal,Madhesh,Saptari,Khadak,20106
Nepal,Madhesh,Saptari,Mahadeva,20114
Nepal,Madhesh,Saptari,Rajbiraj,20113
Nepal,Madhesh,Saptari,Rajgadh,20111
Nepal,Madhesh,Saptari,Rupani,20104
Nepal,Madhesh,Saptari,Sambhunath,20105
Nepal,Madhesh,Saptari,Saptakoshi,20101
Nepal,Madhesh,Saptari,Surunga,20107
Nepal,Madhesh,Saptari,Tilathi_Koiladi,20117
Nepal,Madhesh,Saptari,Tirhut,20115
Nepal,Madhesh,Siraha,Arnama,20209
Nepal,Madhesh,Siraha,Aurahi_Sir,20216
Nepal,Madhesh,Siraha,Bariyarpatti,20215
Nepal,Madhesh,Siraha,Bhagwanpur,20213
Nepal,Madhesh,Siraha,Bishnupur,20208
Nepal,Madhesh,Siraha,Dhangadhimai,20202
Nepal,Madhesh,Siraha,Golbazar,20203
Nepal,Madhesh,Siraha,Kalyanpur,20206
Nepal,Madhesh,Siraha,Karjanha,20205
Nepal,Madhesh,Siraha,Lahan,20201
Nepal,Madhesh,Siraha,Lakshipur_Patari,20211
Nepal,Madhesh,Siraha,Mirchaiya,20204
Nepal,Madhesh,Siraha,Naraha,20207
Nepal,Madhesh,Siraha,Navarajpur,20214
Nepal,Madhesh,Siraha,Sakhuwanankarkatti,20212
Nepal,Madhesh,Siraha,Siraha,20217
Nepal,Madhesh,Siraha,Sukhipur,20210
Nepal,Madhesh,Dhanusa,Aurahi_Dha,20314
Nepal,Madhesh,Dhanusa,Bateshwar,20304
Nepal,Madhesh,Dhanusa,Bideha,20313
Nepal,Madhesh,Dhanusa,Chhireshwarnath,20305
Nepal,Madhesh,Dhanusa,Dhanauji,20316
Nepal,Madhesh,Dhanusa,Dhanusadham,20302
Nepal,Madhesh,Dhanusa,Ganeshman_Charanath,20301
Nepal,Madhesh,Dhanusa,Hansapur,20308
Nepal,Madhesh,Dhanusa,Janaknandini,20312
Nepal,Madhesh,Dhanusa,Janakpur,20315
Nepal,Madhesh,Dhanusa,Kamala,20311
Nepal,Madhesh,Dhanusa,Lakshminiya,20306
Nepal,Madhesh,Dhanusa,Mithila,20303
Nepal,Madhesh,Dhanusa,Mithila_Bihari,20307
Nepal,Madhesh,Dhanusa,Mukhiyapatti_Musharniya,20318
Nepal,Madhesh,Dhanusa,Nagarain,20317
Nepal,Madhesh,Dhanusa,Sabaila,20309
Nepal,Madhesh,Dhanusa,Shahidnagar,20310
Nepal,Madhesh,Mahottari,Aurahi,20404
Nepal,Madhesh,Mahottari,Balawa,20407
Nepal,Madhesh,Mahottari,Bardibas,20401
Nepal,Madhesh,Mahottari,Bhangaha,20405
Nepal,Madhesh,Mahottari,Ekdara,20411
Nepal,Madhesh,Mahottari,Gaushala,20402
Nepal,Madhesh,Mahottari,Jaleshwar,20415
Nepal,Madhesh,Mahottari,Loharpatti,20406
Nepal,Madhesh,Mahottari,Mahottari,20412
Nepal,Madhesh,Mahottari,Manara_Shiswa,20410
Nepal,Madhesh,Mahottari,Matihani,20414
Nepal,Madhesh,Mahottari,Pipra,20413
Nepal,Madhesh,Mahottari,Ramgopalpur,20408
Nepal,Madhesh,Mahottari,Samsi,20409
Nepal,Madhesh,Mahottari,Sonama,20403
Nepal,Madhesh,Sarlahi,Bagmati_Sar,20503
Nepal,Madhesh,Sarlahi,Balara,20516
Nepal,Madhesh,Sarlahi,Barahathwa,20504
Nepal,Madhesh,Sarlahi,Basbariya,20513
Nepal,Madhesh,Sarlahi,Bishnu,20518
Nepal,Madhesh,Sarlahi,Brahmapuri,20509
Nepal,Madhesh,Sarlahi,Chakraghatta,20512
Nepal,Madhesh,Sarlahi,Chandranagar,20510
Nepal,Madhesh,Sarlahi,Dhankaul,20514
Nepal,Madhesh,Sarlahi,Godaita,20517
Nepal,Madhesh,Sarlahi,Haripur,20505
Nepal,Madhesh,Sarlahi,Haripurwa,20507
Nepal,Madhesh,Sarlahi,Hariwan,20502
Nepal,Madhesh,Sarlahi,Ishwarpur,20506
Nepal,Madhesh,Sarlahi,Kabilasi_Municipality,20511
Nepal,Madhesh,Sarlahi,Kaudena,20519
Nepal,Madhesh,Sarlahi,Lalbandi,20501
Nepal,Madhesh,Sarlahi,Malangwa,20520
Nepal,Madhesh,Sarlahi,Parsa,20508
Nepal,Madhesh,Sarlahi,Ramnagar,20515
Nepal,Madhesh,Rautahat,Baudhimai,20611
Nepal,Madhesh,Rautahat,Brindaban,20605
Nepal,Madhesh,Rautahat,Chandrapur_Municipality,20601
Nepal,Madhesh,Rautahat,Dewahi_Gonahi,20609
Nepal,Madhesh,Rautahat,Durga_Bhagwati,20615
Nepal,Madhesh,Rautahat,Gadhimai,20606
Nepal,Madhesh,Rautahat,Garuda_Municipality,20608
Nepal,Madhesh,Rautahat,Gaur,20617
Nepal,Madhesh,Rautahat,Gujara,20602
Nepal,Madhesh,Rautahat,Ishanath,20618
Nepal,Madhesh,Rautahat,Katahariya,20604
Nepal,Madhesh,Rautahat,Madhav_Narayan,20607
Nepal,Madhesh,Rautahat,Maulapur,20610
Nepal,Madhesh,Rautahat,Paroha,20612
Nepal,Madhesh,Rautahat,Phatuha_Bijayapur,20603
Nepal,Madhesh,Rautahat,Rajdevi,20616
Nepal,Madhesh,Rautahat,Rajpur_Rau,20613
Nepal,Madhesh,Rautahat,Yamunamai,20614
Nepal,Madhesh,Bara,Aadarsha_Kotwal,20711
Nepal,Madhesh,Bara,Baragadhi,20710
Nepal,Madhesh,Bara,Bishrampur,20706
Nepal,Madhesh,Bara,Devtal,20715
Nepal,Madhesh,Bara,Jitpur_Simara,20703
Nepal,Madhesh,Bara,Kalaiya,20708
Nepal,Madhesh,Bara,Karaiyamai,20709
Nepal,Madhesh,Bara,Kolhabi,20702
Nepal,Madhesh,Bara,Mahagadhimai,20714
Nepal,Madhesh,Bara,Nijagadh,20701
Nepal,Madhesh,Bara,Pacharauta,20713
Nepal,Madhesh,Bara,Parawanipur,20704
Nepal,Madhesh,Bara,Pheta,20707
Nepal,Madhesh,Bara,Prasauni,20705
Nepal,Madhesh,Bara,Simroungadh,20712
Nepal,Madhesh,Bara,Subarna,20716
Nepal,Madhesh,Parsa,Bahudarmai,20808
Nepal,Madhesh,Parsa,Bindabasini,20814
Nepal,Madhesh,Parsa,Birgunj,20807
Nepal,Madhesh,Parsa,Chhipaharmai,20812
Nepal,Madhesh,Parsa,Dhobini,20811
Nepal,Madhesh,Parsa,Jagarnathpur,20803
Nepal,Madhesh,Parsa,Jirabhawani,20802
Nepal,Madhesh,Parsa,Kalikamai,20810
Nepal,Madhesh,Parsa,Pakaha,20813
Nepal,Madhesh,Parsa,Parsagadhi,20806
Nepal,Madhesh,Parsa,Paterwa_Sugauli,20804
Nepal,Madhesh,Parsa,Pokhariya,20809
Nepal,Madhesh,Parsa,Sakhuwa_]Prasauni,20805
Nepal,Madhesh,Parsa,Thori,20801
Nepal,Bagmati,Dolakha,Baitedhar,30104
Nepal,Bagmati,Dolakha,Bhimeshwor,30109
Nepal,Bagmati,Dolakha,Bigu,30102
Nepal,Bagmati,Dolakha,Gaurishankar,30101
Nepal,Bagmati,Dolakha,Jiri,30105
Nepal,Bagmati,Dolakha,Kalinchowk,30103
Nepal,Bagmati,Dolakha,Melung,30107
Nepal,Bagmati,Dolakha,Shailung,30108
Nepal,Bagmati,Dolakha,Tamakoshi,30106
Nepal,Bagmati,Sindhupalchok,Bahrabise,30209
Nepal,Bagmati,Sindhupalchok,Balephi,30208
Nepal,Bagmati,Sindhupalchok,Bhotekoshi,30201
Nepal,Bagmati,Sindhupalchok,Choutara_Sangachowkgadhi,30207
Nepal,Bagmati,Sindhupalchok,Helambu,30204
Nepal,Bagmati,Sindhupalchok,Indrawoti,30206
Nepal,Bagmati,Sindhupalchok,Jugal,30202
Nepal,Bagmati,Sindhupalchok,Lisankhu,30211
Nepal,Bagmati,Sindhupalchok,Melanchi,30205
Nepal,Bagmati,Sindhupalchok,Panchpokhari_Thangpal,30203
Nepal,Bagmati,Sindhupalchok,Sunkoshi_Sin,30212
Nepal,Bagmati,Sindhupalchok,Tripurasundari_Sin,30210
Nepal,Bagmati,Rasuwa,Gosaikunda,30301
Nepal,Bagmati,Rasuwa,Kalika_Rasu,30304
Nepal,Bagmati,Rasuwa,Naukunda,30305
Nepal,Bagmati,Rasuwa,Parbatikunda,30302
Nepal,Bagmati,Rasuwa,Uttargaya,30303
Nepal,Bagmati,Dhading,Benighat_Rorang,30409
Nepal,Bagmati,Dhading,Dhunibenshi,30413
Nepal,Bagmati,Dhading,Gajuri,30410
Nepal,Bagmati,Dhading,Galchhi,30411
Nepal,Bagmati,Dhading,Ganga-Jamuna,30403
Nepal,Bagmati,Dhading,Jwalamukhi,30407
Nepal,Bagmati,Dhading,Khaniyabas,30402
Nepal,Bagmati,Dhading,Netrawati,30405
Nepal,Bagmati,Dhading,Nilkhantha,30406
Nepal,Bagmati,Dhading,Rubi_Valley,30401
Nepal,Bagmati,Dhading,Siddhalek,30408
Nepal,Bagmati,Dhading,Thakre,30412
Nepal,Bagmati,Dhading,Tripurasundari_Dha,30404
Nepal,Bagmati,Nuwakot,Belkotgadhi,30508
Nepal,Bagmati,Nuwakot,Bidur,30504
Nepal,Bagmati,Nuwakot,Dupcheshwor,30501
Nepal,Bagmati,Nuwakot,Kakani,30512
Nepal,Bagmati,Nuwakot,Kispang,30505
Nepal,Bagmati,Nuwakot,Likhu_Nuwa,30509
Nepal,Bagmati,Nuwakot,Meghang,30506
Nepal,Bagmati,Nuwakot,Panchakanya,30510
Nepal,Bagmati,Nuwakot,Shivapuri,30511
Nepal,Bagmati,Nuwakot,Suryagadhi,30503
Nepal,Bagmati,Nuwakot,Tadi,30502
Nepal,Bagmati,Nuwakot,Tarakeshwor_Nuwa,30507
Nepal,Bagmati,Kathmandu,Budhanilkhantha,30604
Nepal,Bagmati,Kathmandu,Chandragiri,30610
Nepal,Bagmati,Kathmandu,Dakshinkali,30611
Nepal,Bagmati,Kathmandu,Gokarneshwor,30603
Nepal,Bagmati,Kathmandu,Kageshwori,30602
Nepal,Bagmati,Kathmandu,Kathmandu,30608
Nepal,Bagmati,Kathmandu,Kirtipur,30609
Nepal,Bagmati,Kathmandu,Nagarjun,30607
Nepal,Bagmati,Kathmandu,Shankharapur,30601
Nepal,Bagmati,Kathmandu,Tarakeshwor,30606
Nepal,Bagmati,Kathmandu,Tokha,30605
Nepal,Bagmati,Bhaktapur,Bhaktapur,30702
Nepal,Bagmati,Bhaktapur,Changunarayan,30701
Nepal,Bagmati,Bhaktapur,Madhyapur,30703
Nepal,Bagmati,Bhaktapur,Suryabinayak,30704
Nepal,Bagmati,Lalitpur,Bagmati_Lalit,30806
Nepal,Bagmati,Lalitpur,Godawari_Lalit,30803
Nepal,Bagmati,Lalitpur,Konjyosom,30804
Nepal,Bagmati,Lalitpur,Lalitpur,30802
Nepal,Bagmati,Lalitpur,Mahalaxmi,30801
Nepal,Bagmati,Lalitpur,Mahankal,30805
Nepal,Bagmati,Kavrepalanchok,Banepa,30904
Nepal,Bagmati,Kavrepalanchok,Bethanchowk,30910
Nepal,Bagmati,Kavrepalanchok,Bhumlu,30902
Nepal,Bagmati,Kavrepalanchok,Chauri_Deurali,30901
Nepal,Bagmati,Kavrepalanchok,Dhulikhel,30905
Nepal,Bagmati,Kavrepalanchok,Khanikhola,30913
Nepal,Bagmati,Kavrepalanchok,Mahabharat,30912
Nepal,Bagmati,Kavrepalanchok,Mandan_Deupur,30903
Nepal,Bagmati,Kavrepalanchok,Namobuddha,30908
Nepal,Bagmati,Kavrepalanchok,Panauti,30909
Nepal,Bagmati,Kavrepalanchok,Panchkhal,30906
Nepal,Bagmati,Kavrepalanchok,Roshi,30911
Nepal,Bagmati,Kavrepalanchok,Temal,30907
Nepal,Bagmati,Ramechhap,Doramba,31007
Nepal,Bagmati,Ramechhap,Gokulganga,31002
Nepal,Bagmati,Ramechhap,Khandadevi,31006
Nepal,Bagmati,Ramechhap,Likhu,31003
Nepal,Bagmati,Ramechhap,Manthali,31005
Nepal,Bagmati,Ramechhap,Ramechhap,31004
Nepal,Bagmati,Ramechhap,Sunapati,31008
Nepal,Bagmati,Ramechhap,Umakunda,31001
Nepal,Bagmati,Sindhuli,Dudhouli,31101
Nepal,Bagmati,Sindhuli,Ghyanglekha,31107
Nepal,Bagmati,Sindhuli,Golanjor,31104
Nepal,Bagmati,Sindhuli,Hariharpurgaghi,31109
Nepal,Bagmati,Sindhuli,Kamalamai,31105
Nepal,Bagmati,Sindhuli,Marin,31108
Nepal,Bagmati,Sindhuli,Phikkal,31102
Nepal,Bagmati,Sindhuli,Sunkoshi,31106
Nepal,Bagmati,Sindhuli,Tinpatan,31103
Nepal,Bagmati,Makawanpur,Bagmati,31210
Nepal,Bagmati,Makawanpur,Bakaiya,31209
Nepal,Bagmati,Makawanpur,Bhimphedi,31207
Nepal,Bagmati,Makawanpur,Hetauda,31206
Nepal,Bagmati,Makawanpur,Indrasarowar,31201
Nepal,Bagmati,Makawanpur,Kailash,31203
Nepal,Bagmati,Makawanpur,Makawanpurgadhi,31208
Nepal,Bagmati,Makawanpur,Manahari,31205
Nepal,Bagmati,Makawanpur,Raksirang,31204
Nepal,Bagmati,Makawanpur,Thaha,31202
Nepal,Bagmati,Chitawan,Bharatpur,31304
Nepal,Bagmati,Chitawan,Ichchha_Kamana,31303
Nepal,Bagmati,Chitawan,Kalika_chit,31302
Nepal,Bagmati,Chitawan,Khairahani,31306
Nepal,Bagmati,Chitawan,Madi_chi,31307
Nepal,Bagmati,Chitawan,Rapti_chi,31301
Nepal,Bagmati,Chitawan,Ratnanagar,31305
Nepal,Gandaki,Gorkha,Aarughat,40105
Nepal,Gandaki,Gorkha,Ajirkot,40102
Nepal,Gandaki,Gorkha,Bhimsen,40106
Nepal,Gandaki,Gorkha,Chumanubri,40101
Nepal,Gandaki,Gorkha,Dharche,40104
Nepal,Gandaki,Gorkha,Gandaki,40111
Nepal,Gandaki,Gorkha,Gorkha,40109
Nepal,Gandaki,Gorkha,Palungtar,40108
Nepal,Gandaki,Gorkha,Shahid-,40110
Nepal,Gandaki,Gorkha,Siranchowk,40107
Nepal,Gandaki,Gorkha,Sulikot,40103
Nepal,Gandaki,Manang,Chame,40203
Nepal,Gandaki,Manang,Naraphu,40201
Nepal,Gandaki,Manang,Nashong,40204
Nepal,Gandaki,Manang,Neshang,40202
Nepal,Gandaki,Mustang,Bahragaun_Muktikshetra,40303
Nepal,Gandaki,Mustang,Dalome,40301
Nepal,Gandaki,Mustang,Gharpajhong,40302
Nepal,Gandaki,Mustang,Lomanthang,40304
Nepal,Gandaki,Mustang,Thasang,40305
Nepal,Gandaki,Myagdi,Annapurna_Mya,40401
Nepal,Gandaki,Myagdi,Beni,40406
Nepal,Gandaki,Myagdi,Dhawalagiri,40403
Nepal,Gandaki,Myagdi,Malika_Mya,40404
Nepal,Gandaki,Myagdi,Mangala,40405
Nepal,Gandaki,Myagdi,Raghuganga,40402
Nepal,Gandaki,Kaski,Annapurna,40503
Nepal,Gandaki,Kaski,Machhapuchchhre,40502
Nepal,Gandaki,Kaski,Madi_Kas,40501
Nepal,Gandaki,Kaski,Pokhara_Lekhnath,40504
Nepal,Gandaki,Kaski,Rupa,40505
Nepal,Gandaki,Lamjung,Bensi_Shahar,40605
Nepal,Gandaki,Lamjung,Dordi,40601
Nepal,Gandaki,Lamjung,Dudhapokhari,40608
Nepal,Gandaki,Lamjung,Kwhola_Sothar,40603
Nepal,Gandaki,Lamjung,Madhya_Nepal,40604
Nepal,Gandaki,Lamjung,Marshyangdi,40602
Nepal,Gandaki,Lamjung,Rainas,40607
Nepal,Gandaki,Lamjung,Sundarbazar,40606
Nepal,Gandaki,Tanahu,Aanbu_Khaireni,40710
Nepal,Gandaki,Tanahu,Bandipur,40709
Nepal,Gandaki,Tanahu,Bhanu,40701
Nepal,Gandaki,Tanahu,Bhimad,40705
Nepal,Gandaki,Tanahu,Byas_Tan,40702
Nepal,Gandaki,Tanahu,Devghat,40708
Nepal,Gandaki,Tanahu,Ghiring,40706
Nepal,Gandaki,Tanahu,Myagde,40703
Nepal,Gandaki,Tanahu,Rhishing,40707
Nepal,Gandaki,Tanahu,Shuklagandaki,40704
Nepal,Gandaki,Nawalparasi east,Binayi_Tribeni,40808
Nepal,Gandaki,Nawalparasi east,Bulingtar,40802
Nepal,Gandaki,Nawalparasi east,Bungdikali,40803
Nepal,Gandaki,Nawalparasi east,Devchuli,40805
Nepal,Gandaki,Nawalparasi east,Gaidakot,40801
Nepal,Gandaki,Nawalparasi east,Hupsekot,40804
Nepal,Gandaki,Nawalparasi east,Kawasoti,40806
Nepal,Gandaki,Nawalparasi east,Madhya_Bindu,40807
Nepal,Gandaki,Syangja,Aandhikhola,40903
Nepal,Gandaki,Syangja,Arjun_Choupari,40904
Nepal,Gandaki,Syangja,Bhirkot,40905
Nepal,Gandaki,Syangja,Biruwa,40906
Nepal,Gandaki,Syangja,Chapakot,40908
Nepal,Gandaki,Syangja,Galyang,40910
Nepal,Gandaki,Syangja,Harinas,40907
Nepal,Gandaki,Syangja,Kaligandaki,40911
Nepal,Gandaki,Syangja,Phedikhola,40902
Nepal,Gandaki,Syangja,Putalibazar,40901
Nepal,Gandaki,Syangja,Walling,40909
Nepal,Gandaki,Parbat,Bihadi,41006
Nepal,Gandaki,Parbat,Jaljala,41002
Nepal,Gandaki,Parbat,Kushma,41003
Nepal,Gandaki,Parbat,Mahashila,41005
Nepal,Gandaki,Parbat,Modi,41001
Nepal,Gandaki,Parbat,Paiyu,41007
Nepal,Gandaki,Parbat,Phalebas,41004
Nepal,Gandaki,Baglung,Badigad,41107
Nepal,Gandaki,Baglung,Baglung,41101
Nepal,Gandaki,Baglung,Bareng,41109
Nepal,Gandaki,Baglung,Dhorpatan,41105
Nepal,Gandaki,Baglung,Galkot,41108
Nepal,Gandaki,Baglung,Jaimuni,41110
Nepal,Gandaki,Baglung,Kathekhola,41102
Nepal,Gandaki,Baglung,Nisikhola,41106
Nepal,Gandaki,Baglung,Tamankhola,41104
Nepal,Gandaki,Baglung,Tarakhola,41103
Nepal,Lumbini,Rukum,Bhoome,50103
Nepal,Lumbini,Rukum,Putha_Uttanganga,50101
Nepal,Lumbini,Rukum,Sisne,50102
Nepal,Lumbini,Rolpa,Duikholi,50203
Nepal,Lumbini,Rolpa,Lungri,50210
Nepal,Lumbini,Rolpa,Madi,50205
Nepal,Lumbini,Rolpa,Rolpa,50207
Nepal,Lumbini,Rolpa,Runtigadhi,50208
Nepal,Lumbini,Rolpa,Subarnabati,50209
Nepal,Lumbini,Rolpa,Sukidaha,50204
Nepal,Lumbini,Rolpa,Sunchhahari,50201
Nepal,Lumbini,Rolpa,Thawang,50202
Nepal,Lumbini,Rolpa,Tribeni_Rolpa,50206
Nepal,Lumbini,Pyuthan,Aairawati,50308
Nepal,Lumbini,Pyuthan,Gaumukhi,50301
Nepal,Lumbini,Pyuthan,Jhimaruk,50303
Nepal,Lumbini,Pyuthan,Mallarani,50307
Nepal,Lumbini,Pyuthan,Mandavi,50306
Nepal,Lumbini,Pyuthan,Naubahini,50302
Nepal,Lumbini,Pyuthan,Pyuthan,50304
Nepal,Lumbini,Pyuthan,Sarumarani,50309
Nepal,Lumbini,Pyuthan,Sworgadwari,50305
Nepal,Lumbini,Gulmi,Chandrakot,50403
Nepal,Lumbini,Gulmi,Chhatrakot,50411
Nepal,Lumbini,Gulmi,Dhurkot,50408
Nepal,Lumbini,Gulmi,Gulmi_Durbar,50410
Nepal,Lumbini,Gulmi,Isma,50405
Nepal,Lumbini,Gulmi,Kali_Gandaki,50401
Nepal,Lumbini,Gulmi,Madane,50407
Nepal,Lumbini,Gulmi,Malika,50406
Nepal,Lumbini,Gulmi,Musikot_Gulmi,50404
Nepal,Lumbini,Gulmi,Resunga,50409
Nepal,Lumbini,Gulmi,Ruru,50412
Nepal,Lumbini,Gulmi,Satyawoti,50402
Nepal,Lumbini,Arghakhanchi,Bhumikasthan,50503
Nepal,Lumbini,Arghakhanchi,Chhatradev,50501
Nepal,Lumbini,Arghakhanchi,Malarani,50502
Nepal,Lumbini,Arghakhanchi,Panini,50505
Nepal,Lumbini,Arghakhanchi,Sandhikharka,50504
Nepal,Lumbini,Arghakhanchi,Shitaganga,50506
Nepal,Lumbini,Palpa,Baganaskali,50604
Nepal,Lumbini,Palpa,Mathagadhi,50609
Nepal,Lumbini,Palpa,Nisdi,50610
Nepal,Lumbini,Palpa,Purbakhola,50602
Nepal,Lumbini,Palpa,Rainadevi_Chhahara,50607
Nepal,Lumbini,Palpa,Rambha,50603
Nepal,Lumbini,Palpa,Rampur,50601
Nepal,Lumbini,Palpa,Ribdikot,50606
Nepal,Lumbini,Palpa,Tansen,50605
Nepal,Lumbini,Palpa,Tinau,50608
Nepal,Lumbini,Nawalparasi,Bardaghat,50701
Nepal,Lumbini,Nawalparasi,Palhinandan,50704
Nepal,Lumbini,Nawalparasi,Pratapapur,50706
Nepal,Lumbini,Nawalparasi,Ramgram,50703
Nepal,Lumbini,Nawalparasi,Sarawal,50705
Nepal,Lumbini,Nawalparasi,Sunawal,50702
Nepal,Lumbini,Nawalparasi,Susta,50707
Nepal,Lumbini,Rupandehi,Butwal,50802
Nepal,Lumbini,Rupandehi,Devdaha,50801
Nepal,Lumbini,Rupandehi,Gaidahawa,50805
Nepal,Lumbini,Rupandehi,Kanchan,50804
Nepal,Lumbini,Rupandehi,Kotahimai,50814
Nepal,Lumbini,Rupandehi,Lumbini-Sanskritik,50813
Nepal,Lumbini,Rupandehi,Marchawari,50816
Nepal,Lumbini,Rupandehi,Mayadevi_Rup,50812
Nepal,Lumbini,Rupandehi,Om-Satiya,50809
Nepal,Lumbini,Rupandehi,Rohini,50810
Nepal,Lumbini,Rupandehi,Sainamaina,50803
Nepal,Lumbini,Rupandehi,Sammarimai,50815
Nepal,Lumbini,Rupandehi,Siddharthanagar,50811
Nepal,Lumbini,Rupandehi,Siyari,50807
Nepal,Lumbini,Rupandehi,Suddhodhan,50806
Nepal,Lumbini,Rupandehi,Tilottama,50808
Nepal,Lumbini,Kapilbastu,Banganga,50901
Nepal,Lumbini,Kapilbastu,Bijayanagar,50904
Nepal,Lumbini,Kapilbastu,Buddhabhumi,50902
Nepal,Lumbini,Kapilbastu,Kapilbastu,50907
Nepal,Lumbini,Kapilbastu,Krishnanagar,50905
Nepal,Lumbini,Kapilbastu,Maharajganj,50906
Nepal,Lumbini,Kapilbastu,Mayadevi,50909
Nepal,Lumbini,Kapilbastu,Shivaraj,50903
Nepal,Lumbini,Kapilbastu,Shuddhodhan,50910
Nepal,Lumbini,Kapilbastu,Yasodhara,50908
Nepal,Lumbini,Dang,Babai,51005
Nepal,Lumbini,Dang,Bangalachuli,51001
Nepal,Lumbini,Dang,Dangisharan,51006
Nepal,Lumbini,Dang,Gadhawa,51009
Nepal,Lumbini,Dang,Ghorahi,51002
Nepal,Lumbini,Dang,Lamahi,51007
Nepal,Lumbini,Dang,Rajpur,51010
Nepal,Lumbini,Dang,Rapti,51008
Nepal,Lumbini,Dang,Shantinagar,51004
Nepal,Lumbini,Dang,Tulsipur,51003
Nepal,Lumbini,Banke,Baijanath,51103
Nepal,Lumbini,Banke,Duduwa,51107
Nepal,Lumbini,Banke,Janaki_Bank,51105
Nepal,Lumbini,Banke,Khajura,51104
Nepal,Lumbini,Banke,Kohalpur,51102
Nepal,Lumbini,Banke,Narainapur,51108
Nepal,Lumbini,Banke,Nepalganj,51106
Nepal,Lumbini,Banke,Rapti-Sonari,51101
Nepal,Lumbini,Bardiya,Badhaiyatal,51208
Nepal,Lumbini,Bardiya,Bansgadhi,51201
Nepal,Lumbini,Bardiya,Barbardiya,51202
Nepal,Lumbini,Bardiya,Geruwa,51204
Nepal,Lumbini,Bardiya,Gulariya,51207
Nepal,Lumbini,Bardiya,Madhuwan,51206
Nepal,Lumbini,Bardiya,Rajapur,51205
Nepal,Lumbini,Bardiya,Thakurbaba,51203
Nepal,Karnali,Dolpa,Chharka_Tangsong,60108
Nepal,Karnali,Dolpa,Dolpo_Buddha,60101
Nepal,Karnali,Dolpa,Jagadulla,60103
Nepal,Karnali,Dolpa,Kaike,60107
Nepal,Karnali,Dolpa,Mudkechula,60104
Nepal,Karnali,Dolpa,Shey_Phoksundo,60102
Nepal,Karnali,Dolpa,Thulibheri,60106
Nepal,Karnali,Dolpa,Tripurasundari,60105
Nepal,Karnali,Mugu,Chhayanath_Rara,60202
Nepal,Karnali,Mugu,Khatyad,60204
Nepal,Karnali,Mugu,Mugumakarmarog,60201
Nepal,Karnali,Mugu,Soru,60203
Nepal,Karnali,Humla,Adanchuli,60306
Nepal,Karnali,Humla,Chankheli,60301
Nepal,Karnali,Humla,Kharpunath,60302
Nepal,Karnali,Humla,Namkha,60304
Nepal,Karnali,Humla,Sarkegad,60305
Nepal,Karnali,Humla,Simkot,60303
Nepal,Karnali,Humla,Tanjakot,60307
Nepal,Karnali,Jumla,Chandannath,60404
Nepal,Karnali,Jumla,Guthichaur,60405
Nepal,Karnali,Jumla,Hima,60408
Nepal,Karnali,Jumla,Kanaka_Sundari_Gaun,60402
Nepal,Karnali,Jumla,Patarasi,60401
Nepal,Karnali,Jumla,Sinja,60403
Nepal,Karnali,Jumla,Tatopani,60406
Nepal,Karnali,Jumla,Tila,60407
Nepal,Karnali,Kalikot,Kalika,60509
Nepal,Karnali,Kalikot,Khandachakra,60506
Nepal,Karnali,Kalikot,Mahawai,60508
Nepal,Karnali,Kalikot,Naraharinath,60505
Nepal,Karnali,Kalikot,Pachal_Jharana,60502
Nepal,Karnali,Kalikot,Palata,60501
Nepal,Karnali,Kalikot,Raskot,60503
Nepal,Karnali,Kalikot,Sanni_Tribeni,60504
Nepal,Karnali,Kalikot,Tilagupha,60507
Nepal,Karnali,Dailekh,Aathbis,60605
Nepal,Karnali,Dailekh,Bhagawatimai,60609
Nepal,Karnali,Dailekh,Bhairabi,60603
Nepal,Karnali,Dailekh,Chamunda_Bindrasaini,60606
Nepal,Karnali,Dailekh,Dullu,60607
Nepal,Karnali,Dailekh,Dungeshwor,60610
Nepal,Karnali,Dailekh,Gurans,60611
Nepal,Karnali,Dailekh,Mahabu,60602
Nepal,Karnali,Dailekh,Narayan,60608
Nepal,Karnali,Dailekh,Naumule,60601
Nepal,Karnali,Dailekh,Thantikandh,60604
Nepal,Karnali,Jajarkot,Barekot,60701
Nepal,Karnali,Jajarkot,Bheri_Malika,60706
Nepal,Karnali,Jajarkot,Chhedagad,60704
Nepal,Karnali,Jajarkot,Junichande,60703
Nepal,Karnali,Jajarkot,Kuse,60702
Nepal,Karnali,Jajarkot,Shivalaya,60705
Nepal,Karnali,Jajarkot,Tribeni_Nalagad,60707
Nepal,Karnali,Rukum west,Aathabisakot,60801
Nepal,Karnali,Rukum west,Banphikot,60803
Nepal,Karnali,Rukum west,Chaurjahari,60806
Nepal,Karnali,Rukum west,Musikot,60804
Nepal,Karnali,Rukum west,Sanibheri,60802
Nepal,Karnali,Rukum west,Tribeni_Rukum,60805
Nepal,Karnali,Salyan,Bagachour,60905
Nepal,Karnali,Salyan,Banagad_Kupinde,60903
Nepal,Karnali,Salyan,Chhatreshwori,60906
Nepal,Karnali,Salyan,Darma,60901
Nepal,Karnali,Salyan,Dhorchaur,60904
Nepal,Karnali,Salyan,Kalimati,60908
Nepal,Karnali,Salyan,Kapurkot,60910
Nepal,Karnali,Salyan,Kumakh_Malika,60902
Nepal,Karnali,Salyan,Sharada,60907
Nepal,Karnali,Salyan,Tribeni_Sal,60909
Nepal,Karnali,Surkhet,Barahatal,61007
Nepal,Karnali,Surkhet,Bheriganga,61005
Nepal,Karnali,Surkhet,Birendranagar,61006
Nepal,Karnali,Surkhet,Chaukune,61009
Nepal,Karnali,Surkhet,Chingad,61002
Nepal,Karnali,Surkhet,Gurbhakot,61004
Nepal,Karnali,Surkhet,Lekabeshi,61003
Nepal,Karnali,Surkhet,Panchapuri,61008
Nepal,Karnali,Surkhet,Simta,61001
Nepal,Sudurpashchim,Bajura,Badimalika,70106
Nepal,Sudurpashchim,Bajura,Budhiganga,70108
Nepal,Sudurpashchim,Bajura,Budhinanda,70103
Nepal,Sudurpashchim,Bajura,Chhededaha,70107
Nepal,Sudurpashchim,Bajura,Gaumul,70102
Nepal,Sudurpashchim,Bajura,Himali,70101
Nepal,Sudurpashchim,Bajura,Pandab_Gufa,70105
Nepal,Sudurpashchim,Bajura,Swami_Kartik,70104
Nepal,Sudurpashchim,Bajura,Tribeni,70109
Nepal,Sudurpashchim,Bajhang,Bitthadchir,70210
Nepal,Sudurpashchim,Bajhang,Bungal,70202
Nepal,Sudurpashchim,Bajhang,Chhabis_Pathibhara,70207
Nepal,Sudurpashchim,Bajhang,Durgathali,70208
Nepal,Sudurpashchim,Bajhang,Jayaprithbi,70206
Nepal,Sudurpashchim,Bajhang,Kanda,70201
Nepal,Sudurpashchim,Bajhang,Kedarsyun,70209
Nepal,Sudurpashchim,Bajhang,Khaptad_Chhanna,70212
Nepal,Sudurpashchim,Bajhang,Masta,70205
Nepal,Sudurpashchim,Bajhang,Surma,70203
Nepal,Sudurpashchim,Bajhang,Talkot,70204
Nepal,Sudurpashchim,Bajhang,Thalara,70211
Nepal,Sudurpashchim,Darchula,Apihimal,70305
Nepal,Sudurpashchim,Darchula,Byas,70301
Nepal,Sudurpashchim,Darchula,Duhun,70302
Nepal,Sudurpashchim,Darchula,Lekam,70309
Nepal,Sudurpashchim,Darchula,Mahakali_Dar,70303
Nepal,Sudurpashchim,Darchula,Malikarjun,70308
Nepal,Sudurpashchim,Darchula,Marma,70306
Nepal,Sudurpashchim,Darchula,Naugad,70304
Nepal,Sudurpashchim,Darchula,Shailyashikhar,70307
Nepal,Sudurpashchim,Baitadi,Dasharathchand,70405
Nepal,Sudurpashchim,Baitadi,Dilasaini,70401
Nepal,Sudurpashchim,Baitadi,Dogada_Kedar,70402
Nepal,Sudurpashchim,Baitadi,Melauli,70408
Nepal,Sudurpashchim,Baitadi,Pancheshwor,70406
Nepal,Sudurpashchim,Baitadi,Patam,70409
Nepal,Sudurpashchim,Baitadi,Puchaundi,70403
Nepal,Sudurpashchim,Baitadi,Shivanath,70407
Nepal,Sudurpashchim,Baitadi,Sigas,70410
Nepal,Sudurpashchim,Baitadi,Surnaya,70404
Nepal,Sudurpashchim,Dadeldhura,Aalital,70506
Nepal,Sudurpashchim,Dadeldhura,Ajayameru,70503
Nepal,Sudurpashchim,Dadeldhura,Amargadhi,70502
Nepal,Sudurpashchim,Dadeldhura,Bhageshwor,70504
Nepal,Sudurpashchim,Dadeldhura,Ganyapdhura,70507
Nepal,Sudurpashchim,Dadeldhura,Nawadurga,70501
Nepal,Sudurpashchim,Dadeldhura,Parashuram,70505
Nepal,Sudurpashchim,Doti,Aadarsha,70603
Nepal,Sudurpashchim,Doti,Badi,70608
Nepal,Sudurpashchim,Doti,Bogatan,70607
Nepal,Sudurpashchim,Doti,Dipayal_Silgadhi,70605
Nepal,Sudurpashchim,Doti,Jorayal,70609
Nepal,Sudurpashchim,Doti,K.I._Singh,70606
Nepal,Sudurpashchim,Doti,Purbichouki,70601
Nepal,Sudurpashchim,Doti,Sayal,70602
Nepal,Sudurpashchim,Doti,Shikhar,70604
Nepal,Sudurpashchim,Achham,Bannigadhi_Jayagadh,70707
Nepal,Sudurpashchim,Achham,Chaurpati,70705
Nepal,Sudurpashchim,Achham,Dhakari,70709
Nepal,Sudurpashchim,Achham,Kamal-Bazar,70708
Nepal,Sudurpashchim,Achham,Mangalsen,70706
Nepal,Sudurpashchim,Achham,Mellekh,70703
Nepal,Sudurpashchim,Achham,Panchdebal_Binayak,70701
Nepal,Sudurpashchim,Achham,Ramaroshan,70702
Nepal,Sudurpashchim,Achham,Sanphebagar,70704
Nepal,Sudurpashchim,Achham,Turmakhand,70710
Nepal,Sudurpashchim,Kailali,Bardagoriya,70806
Nepal,Sudurpashchim,Kailali,Bhajani,70811
Nepal,Sudurpashchim,Kailali,Chure,70802
Nepal,Sudurpashchim,Kailali,Dhangadhi,70813
Nepal,Sudurpashchim,Kailali,Gauriganga,70804
Nepal,Sudurpashchim,Kailali,Ghodaghodi,70805
Nepal,Sudurpashchim,Kailali,Godawari,70803
Nepal,Sudurpashchim,Kailali,Janaki,70808
Nepal,Sudurpashchim,Kailali,Joshipur,70809
Nepal,Sudurpashchim,Kailali,Kailari,70812
Nepal,Sudurpashchim,Kailali,Lamki-Chuha,70807
Nepal,Sudurpashchim,Kailali,Mohanyal,70801
Nepal,Sudurpashchim,Kailali,Tikapur,70810
Nepal,Sudurpashchim,Kanchanpur,Bedkot,70903
Nepal,Sudurpashchim,Kanchanpur,Beldandi,70909
Nepal,Sudurpashchim,Kanchanpur,Belouri,70908
Nepal,Sudurpashchim,Kanchanpur,Bhimdatta,70904
Nepal,Sudurpashchim,Kanchanpur,Krishnapur,70901
Nepal,Sudurpashchim,Kanchanpur,Laljhadi,70906
Nepal,Sudurpashchim,Kanchanpur,Mahakali,70905
Nepal,Sudurpashchim,Kanchanpur,Punarbas,70907
Nepal,Sudurpashchim,Kanchanpur,Shuklaphanta,70902
